epoch,time,train/box_loss,train/cls_loss,train/l1_loss,metrics/precision(B),metrics/recall(B),metrics/mAP50(B),metrics/mAP50-95(B),val/box_loss,val/cls_loss,val/l1_loss,lr/pg0,lr/pg1,lr/pg2,lr/pg3,lr/pg4,lr/pg5,lr/pg6,lr/pg7
4,967.788,0.56841,0.30627,0.00195,0.95747,0.94966,0.98711,0.91395,0.40057,0.24009,0.00203,0.0298218,0.0099406,0.0298218,0.0099406,0.0298218,0.0099406,0.0298218,0.0099406
5,1320.41,0.54856,0.28186,0.00187,0.964,0.95724,0.98974,0.92565,0.36335,0.2169,0.00184,0.0297624,0.0099208,0.0297624,0.0099208,0.0297624,0.0099208,0.0297624,0.0099208
6,1679.38,0.52667,0.26769,0.0018,0.97025,0.96336,0.99171,0.93751,0.34929,0.1825,0.00175,0.029703,0.009901,0.029703,0.009901,0.029703,0.009901,0.029703,0.009901
7,2050.94,0.51346,0.25704,0.00173,0.9678,0.96374,0.99037,0.92812,0.37714,0.19669,0.0019,0.0296436,0.0098812,0.0296436,0.0098812,0.0296436,0.0098812,0.0296436,0.0098812
8,2411.89,0.50215,0.24177,0.00166,0.9747,0.97023,0.99278,0.943,0.33844,0.15944,0.00169,0.0295842,0.0098614,0.0295842,0.0098614,0.0295842,0.0098614,0.0295842,0.0098614
9,2771.79,0.49013,0.2347,0.00165,0.97685,0.97282,0.99313,0.94202,0.34229,0.15607,0.00171,0.0295248,0.0098416,0.0295248,0.0098416,0.0295248,0.0098416,0.0295248,0.0098416
10,3131.5,0.48224,0.22948,0.00161,0.9779,0.97224,0.99308,0.94678,0.33699,0.15428,0.00168,0.0294654,0.0098218,0.0294654,0.0098218,0.0294654,0.0098218,0.0294654,0.0098218
11,3497.89,0.4721,0.22746,0.00158,0.97652,0.97132,0.9929,0.94656,0.32799,0.15005,0.00163,0.029406,0.009802,0.029406,0.009802,0.029406,0.009802,0.029406,0.009802
12,3864.27,0.47309,0.22112,0.00158,0.97817,0.97349,0.99331,0.9511,0.31873,0.15463,0.00159,0.0293466,0.0097822,0.0293466,0.0097822,0.0293466,0.0097822,0.0293466,0.0097822
13,4222.06,0.46551,0.21985,0.00156,0.97733,0.97747,0.99351,0.95041,0.32531,0.14207,0.00162,0.0292872,0.0097624,0.0292872,0.0097624,0.0292872,0.0097624,0.0292872,0.0097624
14,4581.7,0.4527,0.20964,0.00149,0.97942,0.97628,0.99347,0.95149,0.31692,0.14397,0.00158,0.0292278,0.0097426,0.0292278,0.0097426,0.0292278,0.0097426,0.0292278,0.0097426
15,4941.12,0.45699,0.21428,0.00152,0.9792,0.97816,0.99333,0.95408,0.31285,0.13828,0.00155,0.0291684,0.0097228,0.0291684,0.0097228,0.0291684,0.0097228,0.0291684,0.0097228
16,5315.01,0.44977,0.20772,0.00149,0.98013,0.9779,0.99362,0.95425,0.31239,0.13424,0.00155,0.029109,0.009703,0.029109,0.009703,0.029109,0.009703,0.029109,0.009703
17,5673.6,0.44991,0.20715,0.00148,0.98186,0.97885,0.99376,0.95528,0.3062,0.1346,0.00151,0.0290496,0.0096832,0.0290496,0.0096832,0.0290496,0.0096832,0.0290496,0.0096832
18,6033.32,0.44517,0.20469,0.00147,0.98234,0.97826,0.99398,0.9534,0.31222,0.13766,0.00153,0.0289902,0.0096634,0.0289902,0.0096634,0.0289902,0.0096634,0.0289902,0.0096634
19,6393.06,0.44296,0.19986,0.00144,0.98279,0.97581,0.99349,0.95602,0.30552,0.13767,0.00151,0.0289308,0.0096436,0.0289308,0.0096436,0.0289308,0.0096436,0.0289308,0.0096436
20,6752.78,0.43706,0.19726,0.00143,0.98352,0.98099,0.99393,0.9563,0.30355,0.13372,0.00149,0.0288714,0.0096238,0.0288714,0.0096238,0.0288714,0.0096238,0.0288714,0.0096238
21,7124.51,0.43316,0.20174,0.00144,0.97977,0.97675,0.99309,0.95596,0.29582,0.1397,0.00145,0.028812,0.009604,0.028812,0.009604,0.028812,0.009604,0.028812,0.009604
22,7483.17,0.43463,0.19742,0.00145,0.98229,0.97696,0.99343,0.9577,0.29305,0.12971,0.00144,0.0287526,0.0095842,0.0287526,0.0095842,0.0287526,0.0095842,0.0287526,0.0095842
23,7843.76,0.42993,0.19399,0.0014,0.98439,0.97871,0.99382,0.95869,0.29715,0.12955,0.00145,0.0286932,0.0095644,0.0286932,0.0095644,0.0286932,0.0095644,0.0286932,0.0095644
24,8204.07,0.42908,0.19046,0.00139,0.98529,0.98129,0.994,0.95838,0.29844,0.12594,0.00147,0.0286338,0.0095446,0.0286338,0.0095446,0.0286338,0.0095446,0.0286338,0.0095446
25,8573.66,0.42351,0.18926,0.0014,0.98306,0.97799,0.99386,0.95969,0.29172,0.13144,0.00143,0.0285744,0.0095248,0.0285744,0.0095248,0.0285744,0.0095248,0.0285744,0.0095248
26,8936.6,0.42545,0.19192,0.0014,0.98362,0.97655,0.99371,0.95739,0.30016,0.1303,0.00149,0.028515,0.009505,0.028515,0.009505,0.028515,0.009505,0.028515,0.009505
27,9293.86,0.41765,0.18685,0.00138,0.98301,0.98397,0.99406,0.96105,0.28997,0.12074,0.00142,0.0284556,0.0094852,0.0284556,0.0094852,0.0284556,0.0094852,0.0284556,0.0094852
28,9653.09,0.42245,0.1886,0.00137,0.98684,0.98224,0.99405,0.95878,0.29445,0.12308,0.00144,0.0283962,0.0094654,0.0283962,0.0094654,0.0283962,0.0094654,0.0283962,0.0094654
29,10013.1,0.41561,0.18103,0.00134,0.98647,0.98081,0.99414,0.96052,0.28446,0.11872,0.00139,0.0283368,0.0094456,0.0283368,0.0094456,0.0283368,0.0094456,0.0283368,0.0094456
30,10386.2,0.42058,0.186,0.00136,0.98249,0.97998,0.99392,0.96168,0.28143,0.12044,0.00138,0.0282774,0.0094258,0.0282774,0.0094258,0.0282774,0.0094258,0.0282774,0.0094258
31,10744.8,0.41668,0.18257,0.00136,0.98577,0.98327,0.9943,0.96185,0.28368,0.11612,0.00139,0.028218,0.009406,0.028218,0.009406,0.028218,0.009406,0.028218,0.009406
32,11104.5,0.41406,0.1794,0.00133,0.98601,0.98392,0.99421,0.96278,0.28098,0.11684,0.00137,0.0281586,0.0093862,0.0281586,0.0093862,0.0281586,0.0093862,0.0281586,0.0093862
33,11463.1,0.41012,0.17901,0.00134,0.98577,0.98374,0.99432,0.96195,0.28222,0.1172,0.00138,0.0280992,0.0093664,0.0280992,0.0093664,0.0280992,0.0093664,0.0280992,0.0093664
34,11829,0.40972,0.17796,0.00133,0.98491,0.98293,0.99415,0.96404,0.27824,0.11671,0.00136,0.0280398,0.0093466,0.0280398,0.0093466,0.0280398,0.0093466,0.0280398,0.0093466
35,12197.9,0.41259,0.18186,0.00134,0.98587,0.9821,0.99412,0.96393,0.27732,0.11724,0.00135,0.0279804,0.0093268,0.0279804,0.0093268,0.0279804,0.0093268,0.0279804,0.0093268
36,12557.4,0.40875,0.17937,0.00133,0.98681,0.98397,0.99427,0.96324,0.27679,0.11421,0.00135,0.027921,0.009307,0.027921,0.009307,0.027921,0.009307,0.027921,0.009307
37,12915.9,0.40073,0.17175,0.00132,0.98555,0.98454,0.99425,0.96337,0.27471,0.11424,0.00134,0.0278616,0.0092872,0.0278616,0.0092872,0.0278616,0.0092872,0.0278616,0.0092872
38,13274.6,0.40442,0.17675,0.00132,0.98947,0.98293,0.99443,0.9651,0.27281,0.11154,0.00133,0.0278022,0.0092674,0.0278022,0.0092674,0.0278022,0.0092674,0.0278022,0.0092674
39,13646.7,0.39992,0.17313,0.00132,0.987,0.98718,0.99441,0.96562,0.27115,0.10862,0.00132,0.0277428,0.0092476,0.0277428,0.0092476,0.0277428,0.0092476,0.0277428,0.0092476
40,14006.8,0.40997,0.17572,0.00132,0.98821,0.98732,0.99441,0.96465,0.27212,0.10681,0.00132,0.0276834,0.0092278,0.0276834,0.0092278,0.0276834,0.0092278,0.0276834,0.0092278
41,14368,0.40588,0.17438,0.0013,0.9886,0.98636,0.99445,0.966,0.26937,0.10947,0.00131,0.027624,0.009208,0.027624,0.009208,0.027624,0.009208,0.027624,0.009208
42,14728.1,0.40319,0.17015,0.0013,0.98781,0.98716,0.99445,0.96584,0.27116,0.10663,0.00133,0.0275646,0.0091882,0.0275646,0.0091882,0.0275646,0.0091882,0.0275646,0.0091882
43,15088.2,0.40086,0.17119,0.0013,0.98781,0.98351,0.9944,0.96591,0.27109,0.11182,0.00132,0.0275052,0.0091684,0.0275052,0.0091684,0.0275052,0.0091684,0.0275052,0.0091684
44,15461,0.40236,0.17258,0.00128,0.98945,0.98633,0.99449,0.96594,0.2704,0.10816,0.00131,0.0274458,0.0091486,0.0274458,0.0091486,0.0274458,0.0091486,0.0274458,0.0091486
45,15819.2,0.39498,0.16665,0.00129,0.99066,0.98615,0.99449,0.96622,0.26782,0.10445,0.0013,0.0273864,0.0091288,0.0273864,0.0091288,0.0273864,0.0091288,0.0273864,0.0091288
46,16180,0.40198,0.16945,0.00128,0.9901,0.98782,0.99446,0.96629,0.26697,0.10438,0.0013,0.027327,0.009109,0.027327,0.009109,0.027327,0.009109,0.027327,0.009109
47,16539.6,0.39802,0.16895,0.00129,0.98746,0.98691,0.99422,0.96658,0.2653,0.10501,0.00129,0.0272676,0.0090892,0.0272676,0.0090892,0.0272676,0.0090892,0.0272676,0.0090892
48,16905.5,0.39516,0.16517,0.00126,0.99054,0.98649,0.99434,0.96576,0.2658,0.10443,0.0013,0.0272082,0.0090694,0.0272082,0.0090694,0.0272082,0.0090694,0.0272082,0.0090694
49,17271.5,0.39659,0.16594,0.00127,0.9885,0.98753,0.99442,0.96704,0.26289,0.10614,0.00128,0.0271488,0.0090496,0.0271488,0.0090496,0.0271488,0.0090496,0.0271488,0.0090496
50,17630.1,0.39554,0.16853,0.00127,0.99214,0.98667,0.99446,0.96738,0.26162,0.10237,0.00127,0.0270894,0.0090298,0.0270894,0.0090298,0.0270894,0.0090298,0.0270894,0.0090298
51,17990.9,0.39121,0.16594,0.00126,0.99217,0.9865,0.99448,0.96728,0.26113,0.10043,0.00127,0.02703,0.00901,0.02703,0.00901,0.02703,0.00901,0.02703,0.00901
52,18349.6,0.38844,0.16289,0.00126,0.98779,0.98874,0.99452,0.96708,0.26166,0.10407,0.00127,0.0269706,0.0089902,0.0269706,0.0089902,0.0269706,0.0089902,0.0269706,0.0089902
53,18722.4,0.39671,0.16816,0.00128,0.99203,0.98787,0.99457,0.96855,0.26047,0.10056,0.00127,0.0269112,0.0089704,0.0269112,0.0089704,0.0269112,0.0089704,0.0269112,0.0089704
54,19081.8,0.39371,0.16698,0.00128,0.99026,0.98885,0.99453,0.96842,0.25969,0.09988,0.00127,0.0268518,0.0089506,0.0268518,0.0089506,0.0268518,0.0089506,0.0268518,0.0089506
55,19440,0.39098,0.16373,0.00127,0.98915,0.98925,0.9944,0.96787,0.25999,0.10429,0.00127,0.0267924,0.0089308,0.0267924,0.0089308,0.0267924,0.0089308,0.0267924,0.0089308
56,19801,0.39001,0.16433,0.00127,0.99194,0.98707,0.99454,0.96852,0.25921,0.1009,0.00126,0.026733,0.008911,0.026733,0.008911,0.026733,0.008911,0.026733,0.008911
57,20162.6,0.38876,0.16354,0.00124,0.99193,0.98937,0.99457,0.96877,0.25884,0.09854,0.00126,0.0266736,0.0088912,0.0266736,0.0088912,0.0266736,0.0088912,0.0266736,0.0088912
58,20535.2,0.38837,0.16255,0.00125,0.98462,0.99029,0.99419,0.96845,0.25815,0.10357,0.00125,0.0266142,0.0088714,0.0266142,0.0088714,0.0266142,0.0088714,0.0266142,0.0088714
59,20894.1,0.38977,0.16594,0.00127,0.9928,0.9896,0.99456,0.96888,0.25849,0.09824,0.00126,0.0265548,0.0088516,0.0265548,0.0088516,0.0265548,0.0088516,0.0265548,0.0088516
60,21253.1,0.39006,0.16418,0.00126,0.99238,0.98787,0.99448,0.96851,0.25833,0.0998,0.00125,0.0264954,0.0088318,0.0264954,0.0088318,0.0264954,0.0088318,0.0264954,0.0088318
61,21613.6,0.38706,0.16142,0.00125,0.99321,0.98868,0.99457,0.96875,0.25724,0.0984,0.00125,0.026436,0.008812,0.026436,0.008812,0.026436,0.008812,0.026436,0.008812
62,21983.6,0.38449,0.16097,0.00124,0.99158,0.98857,0.9945,0.96874,0.25668,0.09823,0.00125,0.0263766,0.0087922,0.0263766,0.0087922,0.0263766,0.0087922,0.0263766,0.0087922
63,22348.1,0.39053,0.16138,0.00125,0.99313,0.98875,0.99456,0.96905,0.25614,0.09813,0.00125,0.0263172,0.0087724,0.0263172,0.0087724,0.0263172,0.0087724,0.0263172,0.0087724
64,22709.4,0.38797,0.16173,0.00124,0.99108,0.98951,0.99456,0.96981,0.25467,0.09693,0.00124,0.0262578,0.0087526,0.0262578,0.0087526,0.0262578,0.0087526,0.0262578,0.0087526
65,23068.8,0.38638,0.16635,0.00125,0.99177,0.99038,0.99459,0.96988,0.25444,0.09708,0.00124,0.0261984,0.0087328,0.0261984,0.0087328,0.0261984,0.0087328,0.0261984,0.0087328
66,23428.8,0.38107,0.15786,0.00125,0.99251,0.99064,0.99464,0.97002,0.25344,0.09596,0.00123,0.026139,0.008713,0.026139,0.008713,0.026139,0.008713,0.026139,0.008713
67,23800.2,0.3838,0.15744,0.00123,0.99349,0.99144,0.99461,0.97003,0.25383,0.09454,0.00123,0.0260796,0.0086932,0.0260796,0.0086932,0.0260796,0.0086932,0.0260796,0.0086932
68,24160.1,0.38277,0.15724,0.00122,0.99114,0.98961,0.99459,0.9699,0.25265,0.09751,0.00123,0.0260202,0.0086734,0.0260202,0.0086734,0.0260202,0.0086734,0.0260202,0.0086734
69,24518.9,0.38695,0.16028,0.00125,0.99206,0.99071,0.99456,0.97012,0.25275,0.09487,0.00122,0.0259608,0.0086536,0.0259608,0.0086536,0.0259608,0.0086536,0.0259608,0.0086536
70,24879.1,0.38082,0.15678,0.00122,0.99297,0.99065,0.99458,0.97021,0.25245,0.09331,0.00122,0.0259014,0.0086338,0.0259014,0.0086338,0.0259014,0.0086338,0.0259014,0.0086338
71,25241.1,0.38093,0.15853,0.00124,0.99294,0.99,0.99462,0.96998,0.25226,0.09486,0.00122,0.025842,0.008614,0.025842,0.008614,0.025842,0.008614,0.025842,0.008614
72,25614,0.38437,0.16032,0.00124,0.99292,0.98845,0.99456,0.97011,0.25201,0.09541,0.00122,0.0257826,0.0085942,0.0257826,0.0085942,0.0257826,0.0085942,0.0257826,0.0085942
73,25973.8,0.38456,0.15843,0.00123,0.9933,0.99086,0.99458,0.97095,0.25207,0.09482,0.00122,0.0257232,0.0085744,0.0257232,0.0085744,0.0257232,0.0085744,0.0257232,0.0085744
74,26331.5,0.37407,0.15418,0.00122,0.99154,0.99068,0.9945,0.96991,0.25115,0.0961,0.00122,0.0256638,0.0085546,0.0256638,0.0085546,0.0256638,0.0085546,0.0256638,0.0085546
75,26690.8,0.37645,0.15532,0.0012,0.99326,0.99121,0.9946,0.97126,0.25055,0.09462,0.00122,0.0256044,0.0085348,0.0256044,0.0085348,0.0256044,0.0085348,0.0256044,0.0085348
76,27061.7,0.37911,0.15568,0.00123,0.99479,0.99,0.99462,0.97229,0.24994,0.09333,0.00122,0.025545,0.008515,0.025545,0.008515,0.025545,0.008515,0.025545,0.008515
77,27424,0.37923,0.15627,0.00122,0.99213,0.99284,0.99461,0.97226,0.24968,0.09245,0.00122,0.0254856,0.0084952,0.0254856,0.0084952,0.0254856,0.0084952,0.0254856,0.0084952
78,27783.1,0.38065,0.1585,0.00125,0.99178,0.99145,0.99466,0.97211,0.24968,0.09478,0.00121,0.0254262,0.0084754,0.0254262,0.0084754,0.0254262,0.0084754,0.0254262,0.0084754
79,28142.9,0.37626,0.15592,0.00121,0.99149,0.99082,0.99453,0.9722,0.24887,0.09421,0.00121,0.0253668,0.0084556,0.0253668,0.0084556,0.0253668,0.0084556,0.0253668,0.0084556
80,28503.4,0.37886,0.1569,0.00122,0.99394,0.98956,0.99454,0.97202,0.24867,0.09445,0.00121,0.0253074,0.0084358,0.0253074,0.0084358,0.0253074,0.0084358,0.0253074,0.0084358
81,28875.3,0.37324,0.15219,0.0012,0.99302,0.98952,0.99458,0.97219,0.24902,0.09356,0.00121,0.025248,0.008416,0.025248,0.008416,0.025248,0.008416,0.025248,0.008416
82,29234,0.37773,0.16036,0.00122,0.99465,0.98885,0.99463,0.97229,0.24863,0.09278,0.00121,0.0251886,0.0083962,0.0251886,0.0083962,0.0251886,0.0083962,0.0251886,0.0083962
83,29594,0.37334,0.15395,0.00121,0.99377,0.98973,0.99463,0.97305,0.24824,0.09347,0.0012,0.0251292,0.0083764,0.0251292,0.0083764,0.0251292,0.0083764,0.0251292,0.0083764
84,29953.1,0.375,0.15506,0.00121,0.99339,0.99023,0.99465,0.97324,0.24769,0.09294,0.0012,0.0250698,0.0083566,0.0250698,0.0083566,0.0250698,0.0083566,0.0250698,0.0083566
85,30318.2,0.37723,0.15658,0.0012,0.99326,0.99051,0.99463,0.9734,0.24758,0.09285,0.0012,0.0250104,0.0083368,0.0250104,0.0083368,0.0250104,0.0083368,0.0250104,0.0083368
86,30687.7,0.37422,0.15359,0.00119,0.994,0.99028,0.99464,0.97331,0.24723,0.09273,0.0012,0.024951,0.008317,0.024951,0.008317,0.024951,0.008317,0.024951,0.008317
87,31046.2,0.37272,0.15194,0.0012,0.99401,0.99103,0.9946,0.97328,0.24779,0.09227,0.0012,0.0248916,0.0082972,0.0248916,0.0082972,0.0248916,0.0082972,0.0248916,0.0082972
88,31404.9,0.37078,0.15253,0.00119,0.9936,0.99068,0.99459,0.97239,0.24764,0.09345,0.0012,0.0248322,0.0082774,0.0248322,0.0082774,0.0248322,0.0082774,0.0248322,0.0082774
89,31764.7,0.38379,0.15772,0.00121,0.9931,0.99184,0.99457,0.97315,0.24749,0.09373,0.0012,0.0247728,0.0082576,0.0247728,0.0082576,0.0247728,0.0082576,0.0247728,0.0082576
90,32138.1,0.37431,0.1521,0.00121,0.9925,0.99195,0.99458,0.97238,0.24713,0.09252,0.0012,0.0247134,0.0082378,0.0247134,0.0082378,0.0247134,0.0082378,0.0247134,0.0082378
91,32498.5,0.36954,0.15264,0.00119,0.99378,0.9913,0.99456,0.973,0.24708,0.09269,0.0012,0.024654,0.008218,0.024654,0.008218,0.024654,0.008218,0.024654,0.008218
92,32859.3,0.37317,0.15206,0.00119,0.99338,0.99134,0.9946,0.97292,0.24701,0.09236,0.0012,0.0245946,0.0081982,0.0245946,0.0081982,0.0245946,0.0081982,0.0245946,0.0081982
93,33219.3,0.36992,0.15039,0.00119,0.99332,0.99182,0.99462,0.97311,0.24653,0.0923,0.0012,0.0245352,0.0081784,0.0245352,0.0081784,0.0245352,0.0081784,0.0245352,0.0081784
94,33578.8,0.37171,0.15283,0.00118,0.99356,0.99161,0.9946,0.97316,0.24649,0.0926,0.0012,0.0244758,0.0081586,0.0244758,0.0081586,0.0244758,0.0081586,0.0244758,0.0081586
95,33951.1,0.3692,0.15231,0.00119,0.99361,0.99201,0.99463,0.97323,0.24645,0.09201,0.0012,0.0244164,0.0081388,0.0244164,0.0081388,0.0244164,0.0081388,0.0244164,0.0081388
96,34311.2,0.36997,0.15037,0.00118,0.9919,0.99203,0.99459,0.97304,0.24636,0.09271,0.00119,0.024357,0.008119,0.024357,0.008119,0.024357,0.008119,0.024357,0.008119
97,34669.4,0.36581,0.14907,0.00118,0.99354,0.99059,0.99455,0.97307,0.24614,0.09199,0.00119,0.0242976,0.0080992,0.0242976,0.0080992,0.0242976,0.0080992,0.0242976,0.0080992
98,35028.3,0.3683,0.14992,0.00119,0.99412,0.99161,0.99459,0.97329,0.24576,0.09053,0.00119,0.0242382,0.0080794,0.0242382,0.0080794,0.0242382,0.0080794,0.0242382,0.0080794
99,35395,0.36521,0.14625,0.00117,0.99396,0.99219,0.99459,0.97327,0.2457,0.09009,0.00119,0.0241788,0.0080596,0.0241788,0.0080596,0.0241788,0.0080596,0.0241788,0.0080596
100,35763.1,0.3674,0.14834,0.00116,0.99366,0.99133,0.99457,0.97322,0.24553,0.09105,0.00119,0.0241194,0.0080398,0.0241194,0.0080398,0.0241194,0.0080398,0.0241194,0.0080398
101,36123,0.36896,0.14936,0.00116,0.99366,0.99138,0.99457,0.97322,0.24537,0.09136,0.00119,0.02406,0.00802,0.02406,0.00802,0.02406,0.00802,0.02406,0.00802
102,36482.9,0.36957,0.15002,0.00118,0.99333,0.99216,0.99457,0.97328,0.24516,0.09209,0.00119,0.0240006,0.0080002,0.0240006,0.0080002,0.0240006,0.0080002,0.0240006,0.0080002
103,36842.7,0.37131,0.15213,0.00119,0.99372,0.99179,0.99458,0.97337,0.245,0.09181,0.00119,0.0239412,0.0079804,0.0239412,0.0079804,0.0239412,0.0079804,0.0239412,0.0079804
104,37215.8,0.36887,0.14909,0.00117,0.99367,0.99162,0.99458,0.97339,0.24506,0.09076,0.00119,0.0238818,0.0079606,0.0238818,0.0079606,0.0238818,0.0079606,0.0238818,0.0079606
105,37576.1,0.3632,0.14671,0.00116,0.99342,0.99264,0.99461,0.97344,0.24493,0.0906,0.00119,0.0238224,0.0079408,0.0238224,0.0079408,0.0238224,0.0079408,0.0238224,0.0079408
106,37935.5,0.36489,0.14828,0.00117,0.99326,0.99158,0.99463,0.97345,0.24469,0.09125,0.00119,0.023763,0.007921,0.023763,0.007921,0.023763,0.007921,0.023763,0.007921
107,38294.9,0.3673,0.15104,0.00118,0.99332,0.9918,0.99465,0.97348,0.24425,0.09003,0.00118,0.0237036,0.0079012,0.0237036,0.0079012,0.0237036,0.0079012,0.0237036,0.0079012
108,38654.5,0.36877,0.14986,0.00119,0.99299,0.99301,0.99464,0.97349,0.24415,0.09012,0.00118,0.0236442,0.0078814,0.0236442,0.0078814,0.0236442,0.0078814,0.0236442,0.0078814
109,39026.3,0.36526,0.15335,0.00117,0.99229,0.99264,0.99462,0.9733,0.24417,0.09066,0.00118,0.0235848,0.0078616,0.0235848,0.0078616,0.0235848,0.0078616,0.0235848,0.0078616
110,39386.3,0.36516,0.14852,0.00116,0.99319,0.99126,0.9946,0.97321,0.24402,0.09127,0.00118,0.0235254,0.0078418,0.0235254,0.0078418,0.0235254,0.0078418,0.0235254,0.0078418
111,39746.2,0.36275,0.15013,0.00118,0.99088,0.99213,0.99457,0.97311,0.24413,0.0937,0.00118,0.023466,0.007822,0.023466,0.007822,0.023466,0.007822,0.023466,0.007822
112,40104.6,0.36216,0.1494,0.00119,0.99032,0.99311,0.99459,0.97319,0.24408,0.0924,0.00118,0.0234066,0.0078022,0.0234066,0.0078022,0.0234066,0.0078022,0.0234066,0.0078022
113,40473.1,0.36075,0.14538,0.00116,0.99211,0.99236,0.9946,0.97318,0.24376,0.09205,0.00118,0.0233472,0.0077824,0.0233472,0.0077824,0.0233472,0.0077824,0.0233472,0.0077824
114,40838.4,0.3692,0.15028,0.00118,0.99321,0.99152,0.99461,0.97325,0.24368,0.09135,0.00118,0.0232878,0.0077626,0.0232878,0.0077626,0.0232878,0.0077626,0.0232878,0.0077626
115,41198.5,0.36304,0.14677,0.00116,0.99377,0.99144,0.99462,0.97329,0.24367,0.09015,0.00118,0.0232284,0.0077428,0.0232284,0.0077428,0.0232284,0.0077428,0.0232284,0.0077428
116,41559.7,0.36631,0.14843,0.00116,0.99373,0.992,0.99462,0.97334,0.24368,0.09022,0.00118,0.023169,0.007723,0.023169,0.007723,0.023169,0.007723,0.023169,0.007723
117,41918.1,0.36245,0.14715,0.00116,0.99213,0.99287,0.99462,0.97331,0.24372,0.0914,0.00118,0.0231096,0.0077032,0.0231096,0.0077032,0.0231096,0.0077032,0.0231096,0.0077032
118,42290.6,0.36441,0.14776,0.00115,0.99435,0.99092,0.99462,0.97333,0.24353,0.09094,0.00118,0.0230502,0.0076834,0.0230502,0.0076834,0.0230502,0.0076834,0.0230502,0.0076834
119,42650.9,0.3581,0.14461,0.00115,0.99321,0.99222,0.99463,0.97329,0.24349,0.09056,0.00118,0.0229908,0.0076636,0.0229908,0.0076636,0.0229908,0.0076636,0.0229908,0.0076636
120,43008.3,0.36175,0.14846,0.00118,0.99355,0.99211,0.99461,0.97318,0.24348,0.0911,0.00118,0.0229314,0.0076438,0.0229314,0.0076438,0.0229314,0.0076438,0.0229314,0.0076438
121,43367.9,0.35695,0.14397,0.00115,0.9935,0.99222,0.99461,0.97317,0.24325,0.09099,0.00118,0.022872,0.007624,0.022872,0.007624,0.022872,0.007624,0.022872,0.007624
122,43728.6,0.36377,0.15154,0.00118,0.99382,0.99006,0.9946,0.97322,0.24298,0.09159,0.00118,0.0228126,0.0076042,0.0228126,0.0076042,0.0228126,0.0076042,0.0228126,0.0076042
123,44100.1,0.36084,0.14889,0.00115,0.99433,0.99069,0.99459,0.97322,0.24296,0.09211,0.00118,0.0227532,0.0075844,0.0227532,0.0075844,0.0227532,0.0075844,0.0227532,0.0075844
124,44459.7,0.35946,0.1475,0.00114,0.99349,0.99127,0.99458,0.97324,0.24309,0.09191,0.00118,0.0226938,0.0075646,0.0226938,0.0075646,0.0226938,0.0075646,0.0226938,0.0075646
125,44819.4,0.35984,0.14979,0.00115,0.99247,0.99227,0.99457,0.97321,0.24298,0.09195,0.00118,0.0226344,0.0075448,0.0226344,0.0075448,0.0226344,0.0075448,0.0226344,0.0075448
126,45178.7,0.35879,0.14613,0.00115,0.99366,0.99059,0.99455,0.97327,0.24265,0.09298,0.00118,0.022575,0.007525,0.022575,0.007525,0.022575,0.007525,0.022575,0.007525
127,45548.5,0.36083,0.14699,0.00116,0.99105,0.99184,0.99452,0.97324,0.24281,0.09343,0.00118,0.0225156,0.0075052,0.0225156,0.0075052,0.0225156,0.0075052,0.0225156,0.0075052
128,45912.4,0.35628,0.14523,0.00113,0.9923,0.98966,0.9945,0.97323,0.24259,0.09432,0.00118,0.0224562,0.0074854,0.0224562,0.0074854,0.0224562,0.0074854,0.0224562,0.0074854
129,46273,0.36156,0.14837,0.00116,0.99286,0.99029,0.99451,0.9732,0.24268,0.09416,0.00118,0.0223968,0.0074656,0.0223968,0.0074656,0.0223968,0.0074656,0.0223968,0.0074656
130,46633.5,0.35939,0.14612,0.00115,0.99194,0.99045,0.99435,0.97311,0.24247,0.09576,0.00117,0.0223374,0.0074458,0.0223374,0.0074458,0.0223374,0.0074458,0.0223374,0.0074458
131,46992.5,0.35964,0.14437,0.00115,0.99159,0.99103,0.99438,0.97323,0.24265,0.09592,0.00117,0.022278,0.007426,0.022278,0.007426,0.022278,0.007426,0.022278,0.007426
132,47365.9,0.36032,0.14508,0.00115,0.9911,0.99147,0.99419,0.97299,0.24239,0.09602,0.00117,0.0222186,0.0074062,0.0222186,0.0074062,0.0222186,0.0074062,0.0222186,0.0074062
133,47732.3,0.35761,0.14343,0.00114,0.99183,0.99092,0.9937,0.97247,0.24231,0.09698,0.00117,0.0221592,0.0073864,0.0221592,0.0073864,0.0221592,0.0073864,0.0221592,0.0073864
134,48093.3,0.35967,0.14521,0.00114,0.99177,0.98995,0.99353,0.97231,0.24254,0.09814,0.00117,0.0220998,0.0073666,0.0220998,0.0073666,0.0220998,0.0073666,0.0220998,0.0073666
135,48453.4,0.35766,0.14591,0.00116,0.99228,0.98958,0.99373,0.97252,0.24239,0.09718,0.00117,0.0220404,0.0073468,0.0220404,0.0073468,0.0220404,0.0073468,0.0220404,0.0073468
136,48814.9,0.35734,0.14496,0.00115,0.99018,0.99064,0.99371,0.97256,0.24244,0.09702,0.00117,0.021981,0.007327,0.021981,0.007327,0.021981,0.007327,0.021981,0.007327
137,49188,0.35796,0.14452,0.00114,0.99108,0.98974,0.99372,0.9726,0.24247,0.09678,0.00117,0.0219216,0.0073072,0.0219216,0.0073072,0.0219216,0.0073072,0.0219216,0.0073072
138,49549.1,0.3576,0.14261,0.00114,0.99003,0.99115,0.99367,0.97263,0.24245,0.09741,0.00117,0.0218622,0.0072874,0.0218622,0.0072874,0.0218622,0.0072874,0.0218622,0.0072874
139,49908.4,0.35419,0.14172,0.00112,0.99041,0.99069,0.99346,0.97245,0.24232,0.09784,0.00117,0.0218028,0.0072676,0.0218028,0.0072676,0.0218028,0.0072676,0.0218028,0.0072676
140,50268.3,0.35611,0.14334,0.00113,0.99086,0.99076,0.99357,0.97257,0.24221,0.09837,0.00117,0.0217434,0.0072478,0.0217434,0.0072478,0.0217434,0.0072478,0.0217434,0.0072478
141,50633.9,0.35068,0.14058,0.00113,0.99092,0.99128,0.99322,0.97222,0.24208,0.09821,0.00117,0.021684,0.007228,0.021684,0.007228,0.021684,0.007228,0.021684,0.007228
142,51000.8,0.35628,0.1456,0.00113,0.99101,0.99161,0.99329,0.9723,0.24207,0.09806,0.00117,0.0216246,0.0072082,0.0216246,0.0072082,0.0216246,0.0072082,0.0216246,0.0072082
143,51361,0.35042,0.1403,0.00111,0.99056,0.99149,0.99345,0.97248,0.24211,0.09915,0.00117,0.0215652,0.0071884,0.0215652,0.0071884,0.0215652,0.0071884,0.0215652,0.0071884
144,51721.6,0.35878,0.14394,0.00112,0.9905,0.99144,0.99329,0.9723,0.24232,0.09895,0.00117,0.0215058,0.0071686,0.0215058,0.0071686,0.0215058,0.0071686,0.0215058,0.0071686
145,52082.2,0.35668,0.14617,0.00111,0.98997,0.99213,0.99351,0.97253,0.24206,0.0988,0.00117,0.0214464,0.0071488,0.0214464,0.0071488,0.0214464,0.0071488,0.0214464,0.0071488
146,52452.8,0.3536,0.14399,0.00113,0.99109,0.99103,0.99373,0.97276,0.24184,0.09791,0.00117,0.021387,0.007129,0.021387,0.007129,0.021387,0.007129,0.021387,0.007129
147,52812.5,0.35212,0.14001,0.00111,0.99098,0.99081,0.99368,0.97268,0.24216,0.09826,0.00117,0.0213276,0.0071092,0.0213276,0.0071092,0.0213276,0.0071092,0.0213276,0.0071092
148,53171.5,0.35037,0.13976,0.00113,0.99008,0.99219,0.99366,0.97266,0.24189,0.09733,0.00117,0.0212682,0.0070894,0.0212682,0.0070894,0.0212682,0.0070894,0.0212682,0.0070894
